{"v":[[0.6280457513417891,-0.5218870393748106,4.5007739822996635],[-0.5496009906019317,-0.4213092911766014,4.687776885071114],[0.07776061077763631,-1.1433368899449787,5.382927670631792],[0.27179493822244694,0.050169549337394204,5.457804933152097],[0.049409801016004354,0.5749218073263708,4.405122801066982],[1.166435530410425,-0.7300049376012141,5.589397073775806],[1.4302448352905914,0.2306134145785498,4.978923150480576],[-0.4969834730519006,0.9916575563239494,5.372282814974815],[0.6979250979977096,1.1229304160185059,5.297897886238005],[1.2104492145100292,0.3662883466176894,6.122079726197758],[2.1123101741436265,-0.414067711313006,6.25746912523567],[0.16301720719187301,0.8735413824322295,6.349694511044219],[0.48800513940129275,2.00014373211594,6.091798799595145],[1.8693139561719436,1.1901130821265098,5.5500797889193505],[-0.6685777558165626,1.73689329825001,6.2888679770620195],[0.03608133921296091,2.059027606999652,7.200544633980142],[1.3105754099474256,1.4741376100691699,6.573054961321759],[1.0300264782456052,-0.6648682798706287,6.710515935951661],[1.1858493108229846,2.1750306771072734,5.607180008849509],[2.2344306668224725,2.137393597360557,6.189786730944029],[1.2847690815699868,2.6674346762163332,6.697539760254157],[2.200938199158282,2.299619513804492,7.378876056339944],[-0.28923290032814114,2.8693099626495577,6.374949207971291],[-1.1006700840537051,2.445186344616416,7.1528872860193315],[-0.2361472478785016,3.183868545434001,7.52910909569307],[-0.5734551726893857,2.2586676417734552,8.214668871263527],[0.49618086956952384,2.7755995266199487,8.384408589891866],[1.7045278575545082,-1.5292105392052486,6.427842028050506],[0.7197663596491077,-1.7204657538191328,5.903067008503513],[0.045216239655470676,-0.8565704089736279,6.18682746934274],[0.5832649492916334,-1.6562663078834923,7.024494729309894],[-0.15241889496045313,-0.7678267542261068,3.6142865100455572],[0.33166261320271717,-1.6666947708658106,4.238662781618756],[-0.5426133864873905,-0.45498518563908436,4.720666257655971],[-0.868037362507877,-1.5047331012935903,4.215633257871486],[-1.2980192255534488,-0.4565607463398362,3.81302969176891],[-0.1325488958305377,-0.7704142148265358,3.633040597471835],[-1.0194001445122656,-1.2949756565589028,3.030898494309281],[-0.5082269174199529,0.3147923151451469,3.370779796671597],[0.23236174280358618,-0.24096817016767533,2.6048631557725193],[0.02676843101636892,-0.6504002501165784,7.368573301247171]],"v0":[[0.6280457513417891,-0.5218870393748106,1.8959108265271443],[-0.5496009906019317,-0.4213092911766014,2.0829137292985944],[0.07776061077763631,-1.1433368899449787,2.778064514859273],[0.27179493822244694,0.050169549337394204,2.852941777379578],[0.049409801016004354,0.5749218073263708,1.8002596452944628],[1.166435530410425,-0.7300049376012141,2.9845339180032866],[1.4302448352905914,0.2306134145785498,2.374059994708057],[-0.4969834730519006,0.9916575563239494,2.7674196592022957],[0.6979250979977096,1.1229304160185059,2.6930347304654854],[1.2104492145100292,0.3662883466176894,3.517216570425239],[2.1123101741436265,-0.414067711313006,3.652605969463151],[0.16301720719187301,0.8735413824322295,3.7448313552716996],[0.48800513940129275,2.00014373211594,3.4869356438226253],[1.8693139561719436,1.1901130821265098,2.9452166331468312],[-0.6685777558165626,1.73689329825001,3.6840048212895002],[0.03608133921296091,2.059027606999652,4.595681478207623],[1.3105754099474256,1.4741376100691699,3.96819180554924],[1.0300264782456052,-0.6648682798706287,4.105652780179142],[1.1858493108229846,2.1750306771072734,3.00231685307699],[2.2344306668224725,2.137393597360557,3.5849235751715094],[1.2847690815699868,2.6674346762163332,4.092676604481638],[2.200938199158282,2.299619513804492,4.774012900567425],[-0.28923290032814114,2.8693099626495577,3.7700860521987716],[-1.1006700840537051,2.445186344616416,4.548024130246812],[-0.2361472478785016,3.183868545434001,4.924245939920551],[-0.5734551726893857,2.2586676417734552,5.6098057154910075],[0.49618086956952384,2.7755995266199487,5.779545434119346],[1.7045278575545082,-1.5292105392052486,3.8229788722779867],[0.7197663596491077,-1.7204657538191328,3.2982038527309934],[0.045216239655470676,-0.8565704089736279,3.5819643135702206],[0.5832649492916334,-1.6562663078834923,4.419631573537375],[-0.15241889496045313,-0.7678267542261068,1.009423354273038],[0.33166261320271717,-1.6666947708658106,1.6337996258462368],[-0.5426133864873905,-0.45498518563908436,2.1158031018834516],[-0.868037362507877,-1.5047331012935903,1.610770102098967],[-1.2980192255534488,-0.4565607463398362,1.2081665359963907],[-0.1325488958305377,-0.7704142148265358,1.0281774416993157],[-1.0194001445122656,-1.2949756565589028,0.4260353385367619],[-0.5082269174199529,0.3147923151451469,0.7659166408990776],[0.23236174280358618,-0.24096817016767533,0],[0.02676843101636892,-0.6504002501165784,4.7637101454746515]],"e":[[0,1],[1,2],[2,0],[0,3],[1,3],[2,3],[0,4],[1,4],[3,4],[0,5],[2,5],[3,5],[0,6],[3,6],[5,6],[4,6],[1,7],[3,7],[4,7],[3,8],[4,8],[7,8],[6,8],[3,9],[6,9],[8,9],[5,9],[5,10],[6,10],[9,10],[3,11],[9,11],[7,11],[8,11],[7,12],[8,12],[11,12],[6,13],[8,13],[9,13],[7,14],[11,14],[12,14],[11,15],[12,15],[14,15],[8,16],[9,16],[13,16],[5,17],[9,17],[10,17],[8,18],[13,18],[16,18],[13,19],[16,19],[18,19],[16,20],[18,20],[19,20],[16,21],[19,21],[20,21],[12,22],[14,22],[15,22],[14,23],[15,23],[22,23],[15,24],[22,24],[23,24],[15,25],[23,25],[24,25],[15,26],[24,26],[25,26],[5,27],[10,27],[17,27],[5,28],[17,28],[27,28],[5,29],[17,29],[28,29],[17,30],[28,30],[29,30],[0,31],[1,31],[4,31],[0,32],[1,32],[31,32],[0,33],[31,33],[32,33],[31,34],[32,34],[33,34],[31,35],[33,35],[34,35],[33,36],[34,36],[35,36],[34,37],[35,37],[36,37],[35,38],[36,38],[37,38],[36,39],[37,39],[38,39],[27,30],[17,40],[29,40],[30,40]],"fixedVs":[false,false,false,false,false,false,false,false,false,false,false,false,false,false,false,false,false,false,false,false,false,false,false,false,false,false,false,false,false,false,false,false,false,false,false,false,false,true,true,true,false],