{"v":[[-0.08494056995797858,3.6922529895466694,1.0702355331239497],[1.6053069235518513,3.89027863812376,1.2530861148268366],[1.0359162671925057,2.411124507491326,1.2489850452641837],[0.40917318334250835,3.498209063713183,2.419891614420641],[0.527412975717445,5.015984330084128,1.964024154974502],[-0.5201242340639841,2.295294860261831,1.9566898714713739],[0.4013072173242013,4.649221023041956,0.2919213963369045],[-0.3643968961416913,2.6600275915992175,0.2867733421390757],[1.7400505458548683,2.985026221245112,2.7045907343887117],[2.3072754255956425,2.7709286533998982,1.104618404101672],[2.172353274988068,1.9018050478538853,2.4257154931961193],[2.7875993198382147,3.4999925395793863,2.4299973315115837],[2.4004708836112614,1.4861748135113344,0.778385772099123],[3.237962062133095,3.6628107109578196,0.783557659344102],[-0.9845723314288435,5.148795938753121,1.1662767295569085],[-1.7292108249357498,3.2146890124097385,1.1614418662740869],[-1.2600856206985627,4.319848812611065,0],[-1.376016394109372,4.02043279118241,0]],"v0":[[-0.08494056995797858,3.6922529895466694,1.0702355331239497],[1.6053069235518513,3.89027863812376,1.2530861148268366],[1.0359162671925057,2.411124507491326,1.2489850452641837],[0.40917318334250835,3.498209063713183,2.419891614420641],[0.527412975717445,5.015984330084128,1.964024154974502],[-0.5201242340639841,2.295294860261831,1.9566898714713739],[0.4013072173242013,4.649221023041956,0.2919213963369045],[-0.3643968961416913,2.6600275915992175,0.2867733421390757],[1.7400505458548683,2.985026221245112,2.7045907343887117],[2.3072754255956425,2.7709286533998982,1.104618404101672],[2.172353274988068,1.9018050478538853,2.4257154931961193],[2.7875993198382147,3.4999925395793863,2.4299973315115837],[2.4004708836112614,1.4861748135113344,0.778385772099123],[3.237962062133095,3.6628107109578196,0.783557659344102],[-0.9845723314288435,5.148795938753121,1.1662767295569085],[-1.7292108249357498,3.2146890124097385,1.1614418662740869],[-1.2600856206985627,4.319848812611065,0],[-1.376016394109372,4.02043279118241,0]],"e":[[2,1],[2,0],[1,0],[2,3],[1,3],[0,3],[1,4],[0,4],[3,4],[0,5],[2,5],[3,5],[1,6],[0,6],[4,6],[0,7],[2,7],[5,7],[2,8],[1,8],[3,8],[2,9],[1,9],[8,9],[8,10],[2,10],[9,10],[1,11],[8,11],[9,11],[2,12],[9,12],[10,12],[9,13],[1,13],[11,13],[0,14],[4,14],[6,14],[5,15],[0,15],[7,15],[6,16],[0,16],[14,16],[0,17],[7,17],[15,17]],"fixedVs":[false,false,false,false,false,false,false,false,false,false,false,false,false,false,false,false,false,false],"lMax":[1.7142857142857144,1.7142857142857144,1.7142857142857144,1.7142857142857144,1.7142857142857144,1.7142857142857144,1.7142857142857144,1.7142857142857144,1.7142857142857144,1.7142857142857144,1.7142857142857144,1.7142857142857144,1.7142857142857144,1.7142857142857144,1.7142857142857144,1.7142857142857144,1.7142857142857144,1.7142857142857144,1.7142857142857144,1.7142857142857144,1.7142857142857144,1.7142857142857144,1.7142857142857144,1.7142857142857144,1.7142857142857144,1.7142857142857144,1.7142857142857144,1.7142857142857144,1.7142857142857144,1.7142857142857144,1.7142857142857144,1.7142857142857144,1.7142857142857144,1.7142857142857144,1.7142857142857144,1.7142857142857144,1.7142857142857144,1.7142857142857144,1.7142857142857144,1.7142857142857144,1.7142857142857144,1.7142857142857144,1.7142857142857144,1.7142857142857144,1.7142857142857144,1.7142857142857144,1.7142857142857144,1.7142857142857144],"edgeChannel":[3,2,2,3,3,3,1,2,3,2,0,3,2,3,1,3,2,0,3,3,3,3,3,2,3,3,3,3,3,3,2,3,2,3,2,2,2,0,2,1,2,2,2,0,3,1,2,3],"edgeActive":[true,true,true,true,true,true,true,true,true,true,true,true,true,true,true,true,true,true,true,true,true,true,true,true,true,true,true,true,true,true,true,true,true,true,true,true,true,true,true,true,true,true,true,true,true,true,true,true],"script":[[0,0,1,1,true,true,true,true,false,false,true,true],[0,1,0,0,true,true,true,true,false,true,false,false],[1,0,0,0,false,true,false,true,true,false,false,false],[0,1,1,0,true,false,true,false,false,true,true,false]],"maxContraction":[0.075,0.3,0.3,0,0,0.15,0.15,0.3,0.075,0.3,0.15,0.075,0.3,0.22499999999999998,0.22499999999999998,0.22499999999999998,0.3,0.22499999999999998,0,0,0.15,0.22499999999999998,0.22499999999999998,0.075,0.3,0,0.075,0,0.3,0.075,0.22499999999999998,0.22499999999999998,0.075,0.22499999999999998,0.22499999999999998,0.075,0.22499999999999998,0.3,0.3,0.3,0.22499999999999998,0.3,0.15,0.075,0.15,0.075,0.15,0.15],"vStatus":[0,0,0,0,0,0,0,0,0,0,0,0,0,0,0,0,0,0],"eStatus":[0,0,0,0,0,0,0,0,0,0,0,0,0,0,0,0,0,0,0,0,0,0,0,0,0,0,0,0,0,0,0,0,0,0,0,0,0,0,0,0,0,0,0,0,0,0,0,0],"fStatus":[],"euler":{"_x":0,"_y":0,"_z":0,"_order":"XYZ"},"numChannels":4,"numActions":12,"inflateChannel":[true,true,true,false,false],"contractionPercent":[0,0,0,1,1]}