{"v":[[4.642006440671482,-2.612106801339181,2.7261964997784496],[4.167268559641082,-1.7243167967753221,2.052680387050149],[4.842034673750704,-0.9190507461200621,2.6162359561788606],[5.3513957844381475,-1.8881048536065934,2.098460625717859],[4.633661219355911,-2.6822724451030084,1.5243743932447456],[4.917633126877386,-1.015145344461436,1.4160406611260252],[5.5899308340026925,-3.063836759213025,2.1382798866790758],[3.57751234248771,-3.266177010844369,1.5702050802944518],[5.969075948914163,-0.4214848586884161,1.4430756276280832],[3.931796969252163,-0.5544716711930784,1.9197250058253374],[5.938577556196408,-1.5724676143474796,1.1069997512871963],[5.737079111547663,-2.4561290077936233,1.112936994315758],[3.6404266673304977,-2.176253403863306,1.0739210424826808],[3.8360250407527996,-1.2955175057578763,0.9812461539167673],[4.51037522154293,-2.5371188179786617,0.334948047753441],[5.3049222106851,-3.575986990330069,1.0902165492956268],[5.117428498682772,-1.3294323026358477,0.26941197211337614],[4.275686624158241,-0.18870420786074057,0.8301288083982017],[6.455549750118597,-3.382477094483286,1.3678595788490957],[3.3583700999658093,-2.6297559470966085,0],[3.1099772109286836,-0.3450316609728704,1.0687127029222627],[6.291047337318677,-1.2798153885763286,0],[3.6795764657876715,-1.064605803694659,0.6198114078114424],[6.071722528826071,-3.210889175018427,0.242819096566886],[5.923051800374278,-2.738822944065535,0.8195546509564364],[3.552160480005536,-0.6657050073102887,0]],"v0":[[4.642006440671482,-2.612106801339181,2.7261964997784496],[4.167268559641082,-1.7243167967753221,2.052680387050149],[4.842034673750704,-0.9190507461200621,2.6162359561788606],[5.3513957844381475,-1.8881048536065934,2.098460625717859],[4.633661219355911,-2.6822724451030084,1.5243743932447456],[4.917633126877386,-1.015145344461436,1.4160406611260252],[5.5899308340026925,-3.063836759213025,2.1382798866790758],[3.57751234248771,-3.266177010844369,1.5702050802944518],[5.969075948914163,-0.4214848586884161,1.4430756276280832],[3.931796969252163,-0.5544716711930784,1.9197250058253374],[5.938577556196408,-1.5724676143474796,1.1069997512871963],[5.737079111547663,-2.4561290077936233,1.112936994315758],[3.6404266673304977,-2.176253403863306,1.0739210424826808],[3.8360250407527996,-1.2955175057578763,0.9812461539167673],[4.51037522154293,-2.5371188179786617,0.334948047753441],[5.3049222106851,-3.575986990330069,1.0902165492956268],[5.117428498682772,-1.3294323026358477,0.26941197211337614],[4.275686624158241,-0.18870420786074057,0.8301288083982017],[6.455549750118597,-3.382477094483286,1.3678595788490957],[3.3583700999658093,-2.6297559470966085,0],[3.1099772109286836,-0.3450316609728704,1.0687127029222627],[6.291047337318677,-1.2798153885763286,0],[3.6795764657876715,-1.064605803694659,0.6198114078114424],[6.071722528826071,-3.210889175018427,0.242819096566886],[5.923051800374278,-2.738822944065535,0.8195546509564364],[3.552160480005536,-0.6657050073102887,0]],"e":[[0,1],[1,2],[2,0],[0,3],[1,3],[2,3],[0,4],[1,4],[3,4],[1,5],[2,5],[3,5],[0,6],[3,6],[4,6],[0,7],[1,7],[4,7],[2,8],[3,8],[5,8],[1,9],[2,9],[5,9],[3,10],[5,10],[8,10],[3,11],[4,11],[6,11],[1,12],[4,12],[7,12],[1,13],[5,13],[9,13],[4,14],[7,14],[12,14],[4,15],[6,15],[11,15],[5,16],[8,16],[10,16],[5,17],[9,17],[13,17],[6,18],[11,18],[15,18],[7,19],[12,19],[14,19],[9,20],[13,20],[17,20],[8,21],[10,21],[16,21],[12,22],[14,22],[19,22],[11,23],[15,23],[18,23],[10,24],[16,24],[21,24],[13,25],[17,25],[20,25]],"fixedVs":[false,false,false,false,false,false,false,false,false,false,false,false,false,false,false,false,false,false,false,false,false,false,false,false,false,false],"lMax":[1.7142857142857144,1.7142857142857144,1.7142857142857144,1.7142857142857144,1.7142857142857144,1.7142857142857144,1.7142857142857144,1.7142857142857144,1.7142857142857144,1.7142857142857144,1.7142857142857144,1.7142857142857144,1.7142857142857144,1.7142857142857144,1.7142857142857144,1.7142857142857144,1.7142857142857144,1.7142857142857144,1.7142857142857144,1.7142857142857144,1.7142857142857144,1.7142857142857144,1.7142857142857144,1.7142857142857144,1.7142857142857144,1.7142857142857144,1.7142857142857144,1.7142857142857144,1.7142857142857144,1.7142857142857144,1.7142857142857144,1.7142857142857144,1.7142857142857144,1.7142857142857144,1.7142857142857144,1.7142857142857144,1.7142857142857144,1.7142857142857144,1.7142857142857144,1.7142857142857144,1.7142857142857144,1.7142857142857144,1.7142857142857144,1.7142857142857144,1.7142857142857144,1.7142857142857144,1.7142857142857144,1.7142857142857144,1.7142857142857144,1.7142857142857144,1.7142857142857144,1.7142857142857144,1.7142857142857144,1.7142857142857144,1.7142857142857144,1.7142857142857144,1.7142857142857144,1.7142857142857144,1.7142857142857144,1.7142857142857144,1.7142857142857144,1.7142857142857144,1.7142857142857144,1.7142857142857144,1.7142857142857144,1.7142857142857144,1.7142857142857144,1.7142857142857144,1.7142857142857144,1.7142857142857144,1.7142857142857144,1.7142857142857144],"edgeChannel":[0,0,1,0,0,0,0,0,0,0,0,0,3,3,0,2,2,0,2,2,0,3,3,0,0,0,0,0,0,0,0,0,0,0,0,0,0,2,0,0,3,0,0,2,0,0,3,0,3,0,0,2,0,0,3,0,0,2,0,0,0,2,2,0,3,3,0,2,2,0,3,3],"edgeActive":[true,true,true,true,true,true,true,true,true,true,true,true,true,true,true,true,true,true,true,true,true,true,true,true,true,true,true,true,true,true,true,true,true,true,true,true,true,true,true,true,true,true,true,true,true,true,true,true,true,true,true,true,true,true,true,true,true,true,true,true,true,true,true,true,true,true,true,true,true,true,true,true],"script":[[false,false,false],[true,true,false],[true,false,false],[false,true,false],[false,false,false]],"maxContraction":[0.3,0.3,0.3,0.3,0.3,0.3,0.3,0.3,0.3,0.3,0.3,0.3,0.3,0.3,0.3,0.3,0.3,0.3,0.3,0.3,0.3,0.3,0.3,0.3,0.3,0.3,0.3,0.3,0.3,0.3,0.3,0.3,0.3,0.3,0.3,0.3,0.3,0.3,0.3,0.3,0.3,0.3,0.3,0.3,0.3,0.3,0.3,0.3,0.3,0.3,0.3,0.3,0.3,0.3,0.3,0.3,0.3,0.3,0.3,0.3,0.3,0.3,0.3,0.3,0.3,0.3,0.3,0.3,0.3,0.3,0.3,0.3],"vStatus":[0,0,0,0,0,0,0,0,0,0,0,0,0,0,0,0,0,0,0,0,0,0,0,0,0,0],"eStatus":[0,0,0,0,0,0,0,0,0,0,0,0,0,0,0,0,0,0,0,0,0,0,0,0,0,0,0,0,0,0,0,0,0,0,0,0,0,0,0,0,0,0,0,0,0,0,0,0,0,0,0,0,0,0,0,0,0,0,0,0,0,0,0,0,0,0,0,0,0,0,0,0],"fStatus":[],"euler":{"_x":0,"_y":0,"_z":0,"_order":"XYZ"},"numChannels":5,"numActions":3,"inflateChannel":[false,true,true,false,false],"contractionPercent":[1,0,0,1,null]}