{"v":[[2.889303217937111,0.5575455930991681,2.3069767955989415],[2.1426295534607385,-0.9478806161486394,2.8079929615375128],[3.407686650942235,-0.21070209198464512,3.789350934038222],[1.9337423991563285,0.45487517004980915,3.612367975856489],[3.172502514846456,1.5005888822655886,3.750764795370314],[1.7607791811536966,1.8257924119814293,2.7470596966037375],[1.1674787233703365,0.31830903590356124,2.187943396838764],[0.42503418910462465,1.0433059054078389,3.645529873861327],[1.6658982118077525,1.9335719568493395,4.445084412001326],[2.4834167276832013,0.5643109601248483,5.094911986027496],[0.6385610940905614,-0.5169111159502959,3.6762829110193582],[2.0689997724404066,-1.0034414659804543,4.509596424861983],[1.3212231200295212,0.40262100007700535,5.095700291846109],[0.056976106568957074,0.20439477070772608,4.527399626963265],[-0.48234492974100057,0.13528140686358284,3.632722334517856],[0.22687297252482364,0.20281066531627326,2.783373852063768],[-0.49723702119085644,1.5096436864658958,4.14015298483813],[-0.15599696052569323,-1.199084788067788,4.138395564323917],[-1.0909196932012633,0.6345661931053515,4.576551011724628],[-0.9598221039578259,-0.5000103546057391,4.556781466267373],[-1.8639061320115498,-0.013574546507497077,3.9372473233378145],[-1.6929343536630268,-0.027220494994574275,5.373130118474659],[-2.2543728764673125,0.9594248019977373,4.5199310776002966],[-2.0227578124214802,-1.0731709724046095,4.47071168690904],[-2.7203137776935957,-0.12832615668735614,4.747321644723928],[-2.705682968069411,0.4543342714782247,5.789652954615452],[-2.573205497724323,-0.7450764243378685,5.757001137891081],[-1.9498288690197356,-0.0939637112344486,6.5437665758755355],[-3.637433561039686,-0.2485564751685078,5.5116202031747195],[-0.5806211530347091,1.1496538846468152,2.998295732340651],[-0.2859381214989042,-0.8610969090270664,2.993448466418258],[0.06105344737351945,2.1250386027063226,3.274197375107842],[0.565391268649547,-1.6513904501514465,3.2922205030766403]],"v0":[[2.889303217937111,0.5575455930991681,0.11903339876017771],[2.1426295534607385,-0.9478806161486394,0.620049564698749],[3.407686650942235,-0.21070209198464512,1.6014075371994583],[1.9337423991563285,0.45487517004980915,1.424424579017725],[3.172502514846456,1.5005888822655886,1.56282139853155],[1.7607791811536966,1.8257924119814293,0.5591162997649737],[1.1674787233703365,0.31830903590356124,0],[0.42503418910462465,1.0433059054078389,1.4575864770225633],[1.6658982118077525,1.9335719568493395,2.257141015162562],[2.4834167276832013,0.5643109601248483,2.906968589188732],[0.6385610940905614,-0.5169111159502959,1.4883395141805944],[2.0689997724404066,-1.0034414659804543,2.3216530280232193],[1.3212231200295212,0.40262100007700535,2.907756895007345],[0.056976106568957074,0.20439477070772608,2.3394562301245014],[-0.48234492974100057,0.13528140686358284,1.444778937679092],[0.22687297252482364,0.20281066531627326,0.5954304552250043],[-0.49723702119085644,1.5096436864658958,1.952209587999366],[-0.15599696052569323,-1.199084788067788,1.9504521674851536],[-1.0909196932012633,0.6345661931053515,2.388607614885864],[-0.9598221039578259,-0.5000103546057391,2.3688380694286093],[-1.8639061320115498,-0.013574546507497077,1.7493039264990506],[-1.6929343536630268,-0.027220494994574275,3.1851867216358953],[-2.2543728764673125,0.9594248019977373,2.3319876807615327],[-2.0227578124214802,-1.0731709724046095,2.2827682900702766],[-2.7203137776935957,-0.12832615668735614,2.559378247885164],[-2.705682968069411,0.4543342714782247,3.601709557776688],[-2.573205497724323,-0.7450764243378685,3.5690577410523168],[-1.9498288690197356,-0.0939637112344486,4.355823179036772],[-3.637433561039686,-0.2485564751685078,3.3236768063359556],[-0.5806211530347091,1.1496538846468152,0.8103523355018871],[-0.2859381214989042,-0.8610969090270664,0.8055050695794943],[0.06105344737351945,2.1250386027063226,1.0862539782690783],[0.565391268649547,-1.6513904501514465,1.1042771062378764]],"e":[[0,1],[1,2],[2,0],[0,3],[1,3],[2,3],[0,4],[2,4],[3,4],[0,5],[3,5],[4,5],[0,6],[1,6],[3,6],[5,6],[3,7],[5,7],[6,7],[3,8],[4,8],[5,8],[2,9],[3,9],[4,9],[1,10],[3,10],[6,10],[1,11],[2,11],[3,11],[10,11],[9,11],[8,9],[7,8],[7,10],[3,12],[7,12],[10,12],[11,12],[8,12],[9,12],[7,13],[10,13],[12,13],[7,14],[10,14],[13,14],[6,15],[7,15],[10,15],[14,15],[7,16],[13,16],[14,16],[10,17],[13,17],[14,17],[13,18],[14,18],[16,18],[13,19],[14,19],[17,19],[18,19],[14,20],[18,20],[19,20],[18,21],[19,21],[20,21],[18,22],[20,22],[21,22],[19,23],[20,23],[21,23],[20,24],[21,24],[23,24],[22,24],[21,25],[22,25],[24,25],[21,26],[23,26],[24,26],[25,26],[21,27],[25,27],[26,27],[24,28],[25,28],[26,28],[7,29],[14,29],[16,29],[10,30],[14,30],[17,30],[7,31],[16,31],[29,31],[10,32],[17,32],[30,32]],"fixedVs":[false,false,false,false,false,false,false,false,false,true,false,false,true,false,false,false,false,false,false,false,false,false,false,false,false,false,false,false,false,false,false,false,false],"lMax":[1.7142857142857144,1.7142857142857144,1.7142857142857144,1.7142857142857144,1.7142857142857144,1.7142857142857144,1.7142857142857144,1.7142857142857144,1.7142857142857144,1.7142857142857144,1.7142857142857144,1.7142857142857144,1.7142857142857144,1.7142857142857144,1.7142857142857144,1.7142857142857144,1.7142857142857144,1.7142857142857144,1.7142857142857144,1.7142857142857144,1.7142857142857144,1.7142857142857144,1.7142857142857144,1.7142857142857144,1.7142857142857144,1.7142857142857144,1.7142857142857144,1.7142857142857144,1.7142857142857144,1.7142857142857144,1.7142857142857144,1.7142857142857144,1.7142857142857144,1.7142857142857144,1.7142857142857144,1.7142857142857144,1.7142857142857144,1.7142857142857144,1.7142857142857144,1.7142857142857144,1.7142857142857144,1.7142857142857144,1.7142857142857144,1.7142857142857144,1.7142857142857144,1.7142857142857144,1.7142857142857144,1.7142857142857144,1.7142857142857144,1.7142857142857144,1.7142857142857144,1.7142857142857144,1.7142857142857144,1.7142857142857144,1.7142857142857144,1.7142857142857144,1.7142857142857144,1.7142857142857144,1.7142857142857144,1.7142857142857144,1.7142857142857144,1.7142857142857144,1.7142857142857144,1.7142857142857144,1.7142857142857144,1.7142857142857144,1.7142857142857144,1.7142857142857144,1.7142857142857144,1.7142857142857144,1.7142857142857144,1.7142857142857144,1.7142857142857144,1.7142857142857144,1.7142857142857144,1.7142857142857144,1.7142857142857144,1.7142857142857144,1.7142857142857144,1.7142857142857144,1.7142857142857144,1.7142857142857144,1.7142857142857144,1.7142857142857144,1.7142857142857144,1.7142857142857144,1.7142857142857144,1.7142857142857144,1.7142857142857144,1.7142857142857144,1.7142857142857144,1.7142857142857144,1.7142857142857144,1.7142857142857144,1.7142857142857144,1.7142857142857144,1.7142857142857144,1.7142857142857144,1.7142857142857144,1.7142857142857144,1.7142857142857144,1.7142857142857144,1.7142857142857144,1.7142857142857144,1.7142857142857144,1.7142857142857144],"edgeChannel":[0,0,0,0,0,0,0,0,0,0,0,0,0,0,0,0,0,0,0,0,0,0,0,0,0,0,0,0,0,0,0,0,0,0,0,0,0,0,0,0,0,0,2,2,2,2,2,4,2,2,2,2,2,3,3,2,3,3,2,4,2,2,4,2,2,3,4,4,1,1,3,1,4,3,1,4,3,4,4,4,4,1,3,4,1,3,4,4,4,4,4,4,1,1,4,4,4,4,4,4,4,4,4,4,4,4],"edgeActive":[true,true,true,true,true,true,true,true,true,true,true,true,true,true,true,true,true,true,true,true,true,true,true,true,true,true,true,true,true,true,true,true,true,true,true,true,true,true,true,true,true,true,true,true,true,true,true,true,true,true,true,true,true,true,true,true,true,true,true,true,true,true,true,true,true,true,true,true,true,true,true,true,true,true,true,true,true,true,true,true,true,true,true,true,true,true,true,true,true,true,true,true,true,true,true,true,true,true,true,true,true,true,true,true,true,true],"script":[[false,true,true,true,true,true,false,false],[false,false,true,false,false,false,false,true],[false,false,false,false,false,false,false,false],[true,false,false,false,true,false,false,false],[false,false,false,false,false,false,false,false]],