{"v":[[1.0897125153649991,0.0931410022070682,1.060739259373659],[0.08786892757124136,-0.11549021992590519,0.371742648904125],[0.0878689275712414,-0.11549021992590293,1.605894661801813],[0.1990355385928941,0.9017902457501664,1.0607392593736567],[-0.8452699161969947,0.3045924618202571,1.0607392593736593],[-0.6000092051219572,-0.8731453101976439,1.0607392593736598],[0.5958757052172707,-1.0038294992093673,1.0607392593736589],[-0.9937970202399488,-0.47817556651365223,0],[1.176136159534043,-0.45785890295602527,0],[0.7497739636403175,0.8137156811047301,0],[-0.5913184947761452,0.8011592924881206,0],[0.09855002969794342,-1.2562916037526923,0],[-0.33641819169226433,0.8909964796080019,2.1606260495110194],[-0.16047362106474655,-1.1791447759019322,2.1606260495110203],[-1.0004687369316987,-0.207989754713232,2.16062604951102],[0.9139827313805521,0.5990523043980833,2.1606260495110194],[1.022722456164361,-0.680365353020441,2.160626049511019],[0.08786892757124343,-0.11549021992590477,2.6887476731550115],[0.37307994738139816,-1.1078932061926212,3.263560890498767],[-0.7261914740967693,0.5197378299966101,3.263560890498765],[1.119835306555323,-0.15090780904112813,3.263560890498765],[0.4404482052204003,0.8550234924680242,3.263560890498771],[-0.7678273472041399,-0.6934114068604035,3.2635608904987654],[0.08786892757124058,-0.11549021992590448,3.8453421109123953],[1.0018022611970283,0.3457667586741351,4.378923519650653],[-0.3803986215196796,-1.02585148947111,4.378923519650652],[0.8089713145715417,-0.8421562271686083,4.378923519650655],[-0.06839159579682352,0.8962482776397073,4.37892351965065],[-0.9226387205958559,0.04854158069635814,4.378923519650653],[0.0878689275712442,-0.11549021992590666,5.071672748675864]],"v0":[[1.0897125153649991,0.0931410022070682,1.060739259373659],[0.08786892757124136,-0.11549021992590519,0.371742648904125],[0.0878689275712414,-0.11549021992590293,1.605894661801813],[0.1990355385928941,0.9017902457501664,1.0607392593736567],[-0.8452699161969947,0.3045924618202571,1.0607392593736593],[-0.6000092051219572,-0.8731453101976439,1.0607392593736598],[0.5958757052172707,-1.0038294992093673,1.0607392593736589],[-0.9937970202399488,-0.47817556651365223,0],[1.176136159534043,-0.45785890295602527,0],[0.7497739636403175,0.8137156811047301,0],[-0.5913184947761452,0.8011592924881206,0],[0.09855002969794342,-1.2562916037526923,0],[-0.33641819169226433,0.8909964796080019,2.1606260495110194],[-0.16047362106474655,-1.1791447759019322,2.1606260495110203],[-1.0004687369316987,-0.207989754713232,2.16062604951102],[0.9139827313805521,0.5990523043980833,2.1606260495110194],[1.022722456164361,-0.680365353020441,2.160626049511019],[0.08786892757124343,-0.11549021992590477,2.6887476731550115],[0.37307994738139816,-1.1078932061926212,3.263560890498767],[-0.7261914740967693,0.5197378299966101,3.263560890498765],[1.119835306555323,-0.15090780904112813,3.263560890498765],[0.4404482052204003,0.8550234924680242,3.263560890498771],[-0.7678273472041399,-0.6934114068604035,3.2635608904987654],[0.08786892757124058,-0.11549021992590448,3.8453421109123953],[1.0018022611970283,0.3457667586741351,4.378923519650653],[-0.3803986215196796,-1.02585148947111,4.378923519650652],[0.8089713145715417,-0.8421562271686083,4.378923519650655],[-0.06839159579682352,0.8962482776397073,4.37892351965065],[-0.9226387205958559,0.04854158069635814,4.378923519650653],[0.0878689275712442,-0.11549021992590666,5.071672748675864]],"e":[[0,1],[1,2],[2,0],[0,3],[1,3],[2,3],[1,4],[2,4],[3,4],[1,5],[2,5],[4,5],[1,6],[2,6],[5,6],[0,6],[1,7],[4,7],[5,7],[0,8],[1,8],[6,8],[0,9],[1,9],[3,9],[1,10],[3,10],[4,10],[1,11],[5,11],[6,11],[2,12],[3,12],[4,12],[2,13],[5,13],[6,13],[2,14],[4,14],[5,14],[0,15],[2,15],[3,15],[0,16],[2,16],[6,16],[13,14],[12,14],[12,15],[15,16],[13,16],[2,17],[12,17],[14,17],[13,17],[16,17],[15,17],[13,18],[16,18],[17,18],[12,19],[14,19],[17,19],[15,20],[16,20],[17,20],[12,21],[15,21],[17,21],[13,22],[14,22],[17,22],[19,21],[20,21],[18,20],[18,22],[19,22],[17,23],[19,23],[22,23],[18,23],[20,23],[21,23],[20,24],[21,24],[23,24],[18,25],[22,25],[23,25],[18,26],[23,26],[25,26],[20,26],[24,26],[19,27],[21,27],[23,27],[24,27],[19,28],[22,28],[23,28],[27,28],[25,28],[23,29],[24,29],[27,29],[25,29],[28,29],[26,29]],"fixedVs":[false,false,false,false,false,false,false,false,false,false,false,false,false,false,false,false,false,false,false,false,false,false,false,false,false,false,false,false,false,false],"lMax":[1.7142857142857144,1.7142857142857144,1.7142857142857144,1.7142857142857144,1.7142857142857144,1.7142857142857144,1.7142857142857144,1.7142857142857144,1.7142857142857144,1.7142857142857144,1.7142857142857144,1.7142857142857144,1.7142857142857144,1.7142857142857144,1.7142857142857144,1.7142857142857144,1.7142857142857144,1.7142857142857144,1.7142857142857144,1.7142857142857144,1.7142857142857144,1.7142857142857144,1.7142857142857144,1.7142857142857144,1.7142857142857144,1.7142857142857144,1.7142857142857144,1.7142857142857144,1.7142857142857144,1.7142857142857144,1.7142857142857144,1.7142857142857144,1.7142857142857144,1.7142857142857144,1.7142857142857144,1.7142857142857144,1.7142857142857144,1.7142857142857144,1.7142857142857144,1.7142857142857144,1.7142857142857144,1.7142857142857144,1.7142857142857144,1.7142857142857144,1.7142857142857144,1.7142857142857144,1.7142857142857144,1.7142857142857144,1.7142857142857144,1.7142857142857144,1.7142857142857144,1.7142857142857144,1.7142857142857144,1.7142857142857144,1.7142857142857144,1.7142857142857144,1.7142857142857144,1.7142857142857144,1.7142857142857144,1.7142857142857144,1.7142857142857144,1.7142857142857144,1.7142857142857144,1.7142857142857144,1.7142857142857144,1.7142857142857144,1.7142857142857144,1.7142857142857144,1.7142857142857144,1.7142857142857144,1.7142857142857144,1.7142857142857144,1.7142857142857144,1.7142857142857144,1.7142857142857144,1.7142857142857144,1.7142857142857144,1.7142857142857144,1.7142857142857144,1.7142857142857144,1.7142857142857144,1.7142857142857144,1.7142857142857144,1.7142857142857144,1.7142857142857144,1.7142857142857144,1.7142857142857144,1.7142857142857144,1.7142857142857144,1.7142857142857144,1.7142857142857144,1.7142857142857144,1.7142857142857144,1.7142857142857144,1.7142857142857144,1.7142857142857144,1.7142857142857144,1.7142857142857144,1.7142857142857144,1.7142857142857144,1.7142857142857144,1.7142857142857144,1.7142857142857144,1.7142857142857144,1.7142857142857144,1.7142857142857144,1.7142857142857144,1.7142857142857144,1.7142857142857144],"edgeChannel":[0,2,0,0,0,0,0,0,0,0,0,0,0,0,0,0,0,2,0,0,0,2,2,0,0,0,2,0,0,2,0,0,0,2,0,0,2,0,0,2,0,0,2,2,0,0,1,1,1,1,1,2,0,0,0,0,0,0,2,0,0,2,0,2,0,0,2,0,0,2,0,0,0,0,0,0,0,2,0,0,0,0,0,0,2,0,2,0,0,0,0,0,2,0,2,0,0,0,0,2,0,0,0,2,0,0,0,0,0],"edgeActive":[true,true,true,true,true,true,true,true,true,true,true,true,true,true,true,true,true,true,true,true,true,true,true,true,true,true,true,true,true,true,true,true,true,true,true,true,true,true,true,true,true,true,true,true,true,true,true,true,true,true,true,true,true,true,true,true,true,true,true,true,true,true,true,true,true,true,true,true,true,true,true,true,true,true,true,true,true,true,true,true,true,true,true,true,true,true,true,true,true,true,true,true,true,true,true,true,true,true,true,true,true,true,true,true,true,true,true,true,true],"script":[[false,false,true],[true,false,false],[true,false,false],[false,false,false]],"maxContraction":[0.3,0.3,0.3,0.3,0.3,0.3,0.3,0.3,0.3,0.3,0.3,0.3,0.3,0.3,0.3,0.3,0.3,0.3,0.3,0.3,0.3,0.3,0.3,0.3,0.3,0.3,0.3,0.3,0.3,0.3,0.3,0.3,0.3,0.3,0.3,0.3,0.3,0.3,0.3,0.3,0.3,0.3,0.3,0.3,0.3,0.3,0.3,0.3,0.3,0.3,0.3,0.3,0.3,0.3,0.3,0.3,0.3,0.3,0.3,0.3,0.3,0.3,0.3,0.3,0.3,0.3,0.3,0.3,0.3,0.3,0.3,0.3,0.3,0.3,0.3,0.3,0.3,0.3,0.3,0.3,0.3,0.3,0.3,0.3,0.3,0.3,0.3,0.3,0.3,0.3,0.3,0.3,0.3,0.3,0.3,0.3,0.3,0.3,0.3,0.3,0.3,0.3,0.3,0.3,0.3,0.3,0.3,0.3,0.3],"vStatus":[0,0,0,0,0,0,0,0,0,0,0,0,0,0,0,0,0,0,0,0,0,0,0,0,0,0,0,0,0,0],