{"v": [[-0.8994338385143721, -4.809117991903394e-13, 1.3799275932543347], [0.5860457741657302, 0.8568298415912302, 1.3781352005076182], [0.5860457741657561, -0.8568298415921577, 1.3781352005076164], [0.09002748923085929, -4.690611147925846e-13, 2.7779530651901987], [-0.7324893528476016, 1.4302623790519664, 2.309741566772499], [-0.7324893528475667, -1.4302623790529232, 2.309741566772499], [-0.789038440547138, 1.5209601761548086, 0.5981598567166164], [-0.7890384405471011, -1.520960176155769, 0.5981598567166203], [1.7396346807952299, -4.4893292034565796e-13, 2.312672708998226], [1.8513431864942689, -4.487333771134161e-13, 0.6014908675700015], [2.1999562511353496, -1.4277318446934661, 1.4849861234788906], [2.1999562511353123, 1.4277318446925775, 1.4849861234788944], [1.3521625978806004, -1.526429613206207, 0], [1.352162597880564, 1.5264296132052986, 0], [-2.1998082342681275, 1.1132528972392846, 1.482967039795977], [-2.199808234268103, -1.1132528972402767, 1.4829670397959793], [-1.8619300473380114, 0.3245669415725722, 0], [-1.8619300473380034, -0.32456694157355803, 0]], "v0": [[-0.8994338385143721, -4.809117991903394e-13, 1.3799275932543347], [0.5860457741657302, 0.8568298415912302, 1.3781352005076182], [0.5860457741657561, -0.8568298415921577, 1.3781352005076164], [0.09002748923085929, -4.690611147925846e-13, 2.7779530651901987], [-0.7324893528476016, 1.4302623790519664, 2.309741566772499], [-0.7324893528475667, -1.4302623790529232, 2.309741566772499], [-0.789038440547138, 1.5209601761548086, 0.5981598567166164], [-0.7890384405471011, -1.520960176155769, 0.5981598567166203], [1.7396346807952299, -4.4893292034565796e-13, 2.312672708998226], [1.8513431864942689, -4.487333771134161e-13, 0.6014908675700015], [2.1999562511353496, -1.4277318446934661, 1.4849861234788906], [2.1999562511353123, 1.4277318446925775, 1.4849861234788944], [1.3521625978806004, -1.526429613206207, 0], [1.352162597880564, 1.5264296132052986, 0], [-2.1998082342681275, 1.1132528972392846, 1.482967039795977], [-2.199808234268103, -1.1132528972402767, 1.4829670397959793], [-1.8619300473380114, 0.3245669415725722, 0], [-1.8619300473380034, -0.32456694157355803, 0]], "e": [[2, 1], [2, 0], [1, 0], [2, 3], [1, 3], [0, 3], [1, 4], [0, 4], [3, 4], [0, 5], [2, 5], [3, 5], [1, 6], [0, 6], [4, 6], [0, 7], [2, 7], [5, 7], [2, 8], [1, 8], [3, 8], [2, 9], [1, 9], [8, 9], [8, 10], [2, 10], [9, 10], [1, 11], [8, 11], [9, 11], [2, 12], [9, 12], [10, 12], [9, 13], [1, 13], [11, 13], [0, 14], [4, 14], [6, 14], [5, 15], [0, 15], [7, 15], [6, 16], [0, 16], [14, 16], [0, 17], [7, 17], [15, 17]], "fixedVs": [false, false, false, false, false, false, false, false, false, false, false, false, false, false, false, false, false, false], "lMax": [1.7142857142857144, 1.7142857142857144, 1.7142857142857144, 1.7142857142857144, 1.7142857142857144, 1.7142857142857144, 1.7142857142857144, 1.7142857142857144, 1.7142857142857144, 1.7142857142857144, 1.7142857142857144, 1.7142857142857144, 1.7142857142857144, 1.7142857142857144, 1.7142857142857144, 1.7142857142857144, 1.7142857142857144, 1.7142857142857144, 1.7142857142857144, 1.7142857142857144, 1.7142857142857144, 1.7142857142857144, 1.7142857142857144, 1.7142857142857144, 1.7142857142857144, 1.7142857142857144, 1.7142857142857144, 1.7142857142857144, 1.7142857142857144, 1.7142857142857144, 1.7142857142857144, 1.7142857142857144, 1.7142857142857144, 1.7142857142857144, 1.7142857142857144, 1.7142857142857144, 1.7142857142857144, 1.7142857142857144, 1.7142857142857144, 1.7142857142857144, 1.7142857142857144, 1.7142857142857144, 1.7142857142857144, 1.7142857142857144, 1.7142857142857144, 1.7142857142857144, 1.7142857142857144, 1.7142857142857144], "edgeChannel": [3, 1, 0, 0, 1, 3, 1, 1, 2, 0, 0, 2, 1, 1, 3, 0, 0, 3, 1, 0, 2, 0, 1, 3, 3, 1, 0, 0, 3, 1, 2, 2, 0, 2, 2, 1, 2, 0, 0, 1, 2, 1, 3, 2, 3, 2, 3, 3], "edgeActive": [true, true, true, true, true, true, true, true, true, true, true, true, true, true, true, true, true, true, true, true, true, true, true, true, true, true, true, true, true, true, true, true, true, true, true, true, true, true, true, true, true, true, true, true, true, true, true, true], "script": [[1, 0, 1, 0], [0, 1, 0, 1], [0, 1, 1, 0], [0, 0, 0, 0]], "maxContraction": [0.225, 0.225, 0.225, 0.16875, 0.16875, 0.0, 0.16875, 0.05625, 0.16875, 0.05625, 0.16875, 0.16875, 0.0, 0.1125, 0.0, 0.1125, 0.0, 0.0, 0.225, 0.225, 0.225, 0.225, 0.225, 0.1125, 0.225, 0.225, 0.1125, 0.225, 0.225, 0.1125, 0.0, 0.0, 0.225, 0.0, 0.0, 0.225, 0.1125, 0.225, 0.16875, 0.225, 0.1125, 0.16875, 0.05625, 0.16875, 0.1125, 0.16875, 0.05625, 0.1125], "vStatus": [0, 0, 0, 0, 0, 0, 0, 0, 0, 0, 0, 0, 0, 0, 0, 0, 0, 0], "eStatus": [0, 0, 0, 0, 0, 0, 0, 0, 0, 0, 0, 0, 0, 0, 0, 0, 0, 0, 0, 0, 0, 0, 0, 0, 0, 0, 0, 0, 0, 0, 0, 0, 0, 0, 0, 0, 0, 0, 0, 0, 0, 0, 0, 0, 0, 0, 0, 0], "fStatus": [], "euler": {"_x": 0, "_y": 0, "_z": -7.22394212575292, "_order": "XYZ"}, "numChannels": 4, "numActions": 4, "inflateChannel": [true, true, true, true], "contractionPercent": [0, 0, 0, 0]}