{"v":[[-1.1124630434722644,-0.37799437348174114,0.9818101231833537],[-0.19814091287348926,0.11147063204504166,0.3317674121645695],[-0.19814091287349034,0.11147063204504344,1.4698099134745222],[-0.015173106556930686,-0.9093543931133921,0.9818101231833526],[0.8292615408759265,-0.029968924542551758,0.981810123183351],[0.25386091735212735,1.0448812038786295,0.9818101231833534],[-0.946190872566314,0.829789647484264,0.981810123183353],[0.8196196697413282,0.6563069451662433,0],[-1.341773270179872,0.268913456402986,0],[-0.7012797706477796,-0.9275358652481847,0],[0.6345345292675815,-0.688113522172091,0],[-0.40180572254870855,1.2477821460762584,0],[0.5550801309792569,-0.6118198657632686,2.017705880487053],[-0.38237005013619374,1.139357157934869,2.017705880487047],[0.7225073313128061,0.6043173583191507,2.0177058804870467],[-0.6532729509171137,-0.8283942056144341,2.0177058804870467],[-1.2326490256062035,0.25389271534889657,2.0177058804870502],[-0.19814091287349153,0.1114706320450417,2.541738876471618],[-0.9505553294912881,0.8339803965794781,3.055985571828711],[0.835255721213669,-0.03079394836497445,3.055985571828706],[-1.1177973740684557,-0.3808502059907479,3.0559855718287072],[-0.014105447247627556,-0.9153101437653474,3.0559855718287077],[0.2564978652262554,1.0503270617668043,3.0559855718287046],[-0.19814091287349417,0.11147063204504092,3.624261385011104],[-0.6468052567704542,-0.8150404016057103,4.0901666164064405],[-0.379753355556932,1.1247520883165105,4.090166616406436],[-1.2179501758806364,0.2518681250635496,4.090166616406441],[0.5443785360651676,-0.6015421707214301,4.090166616406437],[0.7094256877754008,0.5973155191722929,4.0901666164064405],[-0.1981409128734851,0.11147063204504264,4.823346517338153],[-1.1756400279060581,-0.41181321198521914,5.061579684977572],[0.9002510094582309,-0.03974340919771393,5.061579684977575],[-0.002532241668073899,-0.9798898716666222,5.061579684977571],[0.2850939568904294,1.1093757186924598,5.061579684977573],[-0.9978772611419809,0.8794239343823131,5.061579684977571],[-0.19814091287349092,0.11147063204504143,6.277331475779264]],"v0":[[-1.1124630434722644,-0.37799437348174114,0.9818101231833537],[-0.19814091287348926,0.11147063204504166,0.3317674121645695],[-0.19814091287349034,0.11147063204504344,1.4698099134745222],[-0.015173106556930686,-0.9093543931133921,0.9818101231833526],[0.8292615408759265,-0.029968924542551758,0.981810123183351],[0.25386091735212735,1.0448812038786295,0.9818101231833534],[-0.946190872566314,0.829789647484264,0.981810123183353],[0.8196196697413282,0.6563069451662433,0],[-1.341773270179872,0.268913456402986,0],[-0.7012797706477796,-0.9275358652481847,0],[0.6345345292675815,-0.688113522172091,0],[-0.40180572254870855,1.2477821460762584,0],[0.5550801309792569,-0.6118198657632686,2.017705880487053],[-0.38237005013619374,1.139357157934869,2.017705880487047],[0.7225073313128061,0.6043173583191507,2.0177058804870467],[-0.6532729509171137,-0.8283942056144341,2.0177058804870467],[-1.2326490256062035,0.25389271534889657,2.0177058804870502],[-0.19814091287349153,0.1114706320450417,2.541738876471618],[-0.9505553294912881,0.8339803965794781,3.055985571828711],[0.835255721213669,-0.03079394836497445,3.055985571828706],[-1.1177973740684557,-0.3808502059907479,3.0559855718287072],[-0.014105447247627556,-0.9153101437653474,3.0559855718287077],[0.2564978652262554,1.0503270617668043,3.0559855718287046],[-0.19814091287349417,0.11147063204504092,3.624261385011104],[-0.6468052567704542,-0.8150404016057103,4.0901666164064405],[-0.379753355556932,1.1247520883165105,4.090166616406436],[-1.2179501758806364,0.2518681250635496,4.090166616406441],[0.5443785360651676,-0.6015421707214301,4.090166616406437],[0.7094256877754008,0.5973155191722929,4.0901666164064405],[-0.1981409128734851,0.11147063204504264,4.823346517338153],[-1.1756400279060581,-0.41181321198521914,5.061579684977572],[0.9002510094582309,-0.03974340919771393,5.061579684977575],[-0.002532241668073899,-0.9798898716666222,5.061579684977571],[0.2850939568904294,1.1093757186924598,5.061579684977573],[-0.9978772611419809,0.8794239343823131,5.061579684977571],[-0.19814091287349092,0.11147063204504143,6.277331475779264]],"e":[[0,1],[1,2],[2,0],[0,3],[1,3],[2,3],[1,4],[2,4],[3,4],[1,5],[2,5],[4,5],[1,6],[2,6],[5,6],[0,6],[1,7],[4,7],[5,7],[0,8],[1,8],[6,8],[0,9],[1,9],[3,9],[1,10],[3,10],[4,10],[1,11],[5,11],[6,11],[2,12],[3,12],[4,12],[2,13],[5,13],[6,13],[2,14],[4,14],[5,14],[0,15],[2,15],[3,15],[0,16],[2,16],[6,16],[13,14],[12,14],[12,15],[15,16],[13,16],[2,17],[12,17],[14,17],[13,17],[16,17],[15,17],[13,18],[16,18],[17,18],[12,19],[14,19],[17,19],[15,20],[16,20],[17,20],[12,21],[15,21],[17,21],[13,22],[14,22],[17,22],[19,21],[20,21],[18,20],[18,22],[19,22],[17,23],[19,23],[22,23],[18,23],[20,23],[21,23],[20,24],[21,24],[23,24],[18,25],[22,25],[23,25],[18,26],[23,26],[25,26],[20,26],[24,26],[19,27],[21,27],[23,27],[24,27],[19,28],[22,28],[23,28],[27,28],[25,28],[23,29],[24,29],[27,29],[25,29],[28,29],[26,29],[24,30],[26,30],[29,30],[27,31],[28,31],[29,31],[24,32],[27,32],[29,32],[25,33],[28,33],[29,33],[25,34],[26,34],[29,34],[30,32],[30,34],[33,34],[31,32],[31,33],[29,35],[31,35],[32,35],[30,35],[34,35],[33,35]],"fixedVs":[false,false,false,false,false,false,false,false,false,false,false,false,false,false,false,false,false,false,false,false,false,false,false,false,false,false,false,false,false,false,false,false,false,false,false,false],"lMax":[1.7142857142857144,1.7142857142857144,1.7142857142857144,1.7142857142857144,1.7142857142857144,1.7142857142857144,1.7142857142857144,1.7142857142857144,1.7142857142857144,1.7142857142857144,1.7142857142857144,1.7142857142857144,1.7142857142857144,1.7142857142857144,1.7142857142857144,1.7142857142857144,1.7142857142857144,1.7142857142857144,1.7142857142857144,1.7142857142857144,1.7142857142857144,1.7142857142857144,1.7142857142857144,1.7142857142857144,1.7142857142857144,1.7142857142857144,1.7142857142857144,1.7142857142857144,1.7142857142857144,1.7142857142857144,1.7142857142857144,1.7142857142857144,1.7142857142857144,1.7142857142857144,1.7142857142857144,1.7142857142857144,1.7142857142857144,1.7142857142857144,1.7142857142857144,1.7142857142857144,1.7142857142857144,1.7142857142857144,1.7142857142857144,1.7142857142857144,1.7142857142857144,1.7142857142857144,1.7142857142857144,1.7142857142857144,1.7142857142857144,1.7142857142857144,1.7142857142857144,1.7142857142857144,1.7142857142857144,1.7142857142857144,1.7142857142857144,1.7142857142857144,1.7142857142857144,1.7142857142857144,1.7142857142857144,1.7142857142857144,1.7142857142857144,1.7142857142857144,1.7142857142857144,1.7142857142857144,1.7142857142857144,1.7142857142857144,1.7142857142857144,1.7142857142857144,1.7142857142857144,1.7142857142857144,1.7142857142857144,1.7142857142857144,1.7142857142857144,1.7142857142857144,1.7142857142857144,1.7142857142857144,1.7142857142857144,1.7142857142857144,1.7142857142857144,1.7142857142857144,1.7142857142857144,1.7142857142857144,1.7142857142857144,1.7142857142857144,1.7142857142857144,1.7142857142857144,1.7142857142857144,1.7142857142857144,1.7142857142857144,1.7142857142857144,1.7142857142857144,1.7142857142857144,1.7142857142857144,1.7142857142857144,1.7142857142857144,1.7142857142857144,1.7142857142857144,1.7142857142857144,1.7142857142857144,1.7142857142857144,1.7142857142857144,1.7142857142857144,1.7142857142857144,1.7142857142857144,1.7142857142857144,1.7142857142857144,1.7142857142857144,1.7142857142857144,1.7142857142857144,1.7142857142857144,1.7142857142857144,1.7142857142857144,1.7142857142857144,1.7142857142857144,1.7142857142857144,1.7142857142857144,1.7142857142857144,1.7142857142857144,1.7142857142857144,1.7142857142857144,1.7142857142857144,1.7142857142857144,1.7142857142857144,1.7142857142857144,1.7142857142857144,1.7142857142857144,1.7142857142857144,1.7142857142857144,1.7142857142857144,1.7142857142857144,1.7142857142857144,1.7142857142857144,1.7142857142857144,1.7142857142857144,1.7142857142857144],